"Page Number","Tax Invoice Number","Page Count"
"1of3","ci-3511108","3"
"2of3","ci-3511108","3"
"30f3","ci-3511108","3"
"1of11","ci-3515685","11"
"2of11","ci-3515685","11"
"3of11","ci-3515685","11"
"4of11","ci-3515685","11"
"5of11","ci-3515685","11"
"6o0f11","ci-3515685","11"
"7ofit","ci-3515685","11"
"8of11","ci-3515685","11"
"9of11","ci-3515685","11"
"10of11","ci-3515685","11"
"11of11","ci-3515685","11"
"1of2","wi-475958","2"
"2of2","wi-475958","2"
"10f4","ci-3515983","4"
"2of4","ci-3515983","4"
"3of4","ci-3515983","4"
"4of4","ci-3515983","4"
"lof7","nesi-9180","7"
"20f7","nesi-9180","7"
"30f7","nesi-9180","7"
"4of7","nesi-9180","7"
"5of7","nesi-9180","7"
"6of7","nesi-9180","7"
"7of7","nesi-9180","7"
"1of2","wi-476329","2"
"2of2","wi-476329","2"
"1o0f6","wi-473584","6"
"2of6","wi-473584","6"
"3of6","wi-473584","6"
"40f6","wi-473584","6"
"5of6","wi-473584","6"
"6of6","wi-473584","6"
"1of3","wi-476493","3"
"2of3","wi-476493","3"
"3o0f3","wi-476493","3"
"1of2","wi-476421","2"
"2of2","wi-476421","2"
"1of2","wi-475601","2"
"2of2","wi-475601","2"
